ModelName,Technique,Proportion,Step,validation_loss,memory_used,inference_time,f1_score,auc_score
AE512_256x128_cnf_month,pruning-bottleneck,70,base_models,0.0005866946303285658,1.25439453125,0.8095781803131104,0.8967254408060453,0.8998713353552062
AE512_256x128_cnf_week,pruning-bottleneck,70,base_models,0.0006581625202670693,1.25439453125,0.7990875244140625,0.8974518334369174,0.8995037220843674
AE512_128x64_cnf_month,pruning-bottleneck,70,base_models,0.0008496214868500829,0.56591796875,0.7108573913574219,0.9047619047619048,0.907269552430843
AE512_128x64_cnf_week,pruning-bottleneck,70,base_models,0.001002460834570229,0.56591796875,0.6414549350738525,0.9000628535512256,0.9029500964984836
AE512_64x32_cnf_month,pruning-bottleneck,70,base_models,0.0015132890548557043,0.26904296875,0.81736159324646,0.9078624078624079,0.9088548846613362
AE512_64x32_cnf_week,pruning-bottleneck,70,base_models,0.0019398242002353072,0.26904296875,0.8448059558868408,0.9036585365853659,0.904121863799283
AE512_256x128_cnf_month,pruning-bottleneck,70,pruned_models,0.055021997541189194,1.18017578125,0.7733378410339355,0.6582278481012658,0.5
AE512_256x128_cnf_week,pruning-bottleneck,70,pruned_models,0.25451841950416565,1.18017578125,0.6579885482788086,0.6582278481012658,0.5
AE512_128x64_cnf_month,pruning-bottleneck,70,pruned_models,0.00940228532999754,0.54736328125,0.6757006645202637,0.8958210712183637,0.8932313206506757
AE512_128x64_cnf_week,pruning-bottleneck,70,pruned_models,0.20745272934436798,0.54736328125,0.6343297958374023,0.6582278481012658,0.5
AE512_64x32_cnf_month,pruning-bottleneck,70,pruned_models,0.027017366141080856,0.26416015625,0.7487912178039551,0.6582278481012658,0.5
AE512_64x32_cnf_week,pruning-bottleneck,70,pruned_models,0.347985178232193,0.26416015625,0.844933032989502,0.6582278481012658,0.5
AE512_256x128_cnf_month,pruning-bottleneck,70,fine-tuned_models,0.0008468561572954059,1.18017578125,0.7804739475250244,0.9048223350253807,0.9082575130962227
AE512_256x128_cnf_week,pruning-bottleneck,70,fine-tuned_models,0.0008887652074918151,1.18017578125,0.7245979309082031,0.9021538461538462,0.90334068559875
AE512_128x64_cnf_month,pruning-bottleneck,70,fine-tuned_models,0.0012504077749326825,0.54736328125,0.7836649417877197,0.9017857142857143,0.9057301718592041
AE512_128x64_cnf_week,pruning-bottleneck,70,fine-tuned_models,0.0013601925456896424,0.54736328125,0.6383464336395264,0.8967223252937538,0.8983779064424224
AE512_64x32_cnf_month,pruning-bottleneck,70,fine-tuned_models,0.002411185298115015,0.26416015625,0.6837985515594482,0.898958971218616,0.8997794320374966
AE512_64x32_cnf_week,pruning-bottleneck,70,fine-tuned_models,0.0026952330954372883,0.26416015625,0.7434911727905273,0.8915971776779987,0.8964938884293724
AE512_64x32_cnf_week,pruning-decoder,70,base_models,0.0017278427258133888,0.26904296875,1.2372593879699707,0.9010578718108276,0.9031339031339032
AE512_128x64_cnf_week,pruning-decoder,70,base_models,0.0010134346084669232,0.56591796875,1.0380661487579346,0.9008674101610905,0.9026054590570719
AE512_64x32_cnf_month,pruning-decoder,70,base_models,0.0015188433462753892,0.26904296875,1.1014394760131836,0.9078455790784558,0.909819869497289
AE512_128x64_cnf_month,pruning-decoder,70,base_models,0.0008899574750103056,0.56591796875,1.3334710597991943,0.9046728971962616,0.906764084183439
AE512_256x128_cnf_week,pruning-decoder,70,base_models,0.0006830478087067604,1.25439453125,1.0853297710418701,0.899749373433584,0.902398676592225
AE512_256x128_cnf_month,pruning-decoder,70,base_models,0.000581078405957669,1.25439453125,1.1433699131011963,0.8984423676012461,0.9006754893851668
AE512_64x32_cnf_week,pruning-decoder,70,pruned_models,0.07685499638319016,0.22998046875,1.0700013637542725,0.6582278481012658,0.5
AE512_128x64_cnf_week,pruning-decoder,70,pruned_models,0.1334826797246933,0.482421875,1.39408540725708,0.6582278481012658,0.5
AE512_64x32_cnf_month,pruning-decoder,70,pruned_models,0.017560359090566635,0.22998046875,0.9472002983093262,0.6582278481012658,0.5
AE512_128x64_cnf_month,pruning-decoder,70,pruned_models,0.09603092819452286,0.482421875,1.0507240295410156,0.6582278481012658,0.5
AE512_256x128_cnf_week,pruning-decoder,70,pruned_models,0.1707666963338852,1.06640625,1.03218412399292,0.6582278481012658,0.5
AE512_256x128_cnf_month,pruning-decoder,70,pruned_models,0.0014154358068481088,1.06640625,0.8989334106445312,0.8953709575142677,0.8991361088135281
AE512_64x32_cnf_week,pruning-decoder,70,fine-tuned_models,0.0017950917826965451,0.22998046875,0.7091677188873291,0.9061326658322904,0.9085102472199247
AE512_128x64_cnf_week,pruning-decoder,70,fine-tuned_models,0.0010392800904810429,0.482421875,1.3191635608673096,0.9014259144451333,0.9032028306221855
AE512_64x32_cnf_month,pruning-decoder,70,fine-tuned_models,0.0015521467430517077,0.22998046875,0.914039134979248,0.9063482086737901,0.9090386912967559
AE512_128x64_cnf_month,pruning-decoder,70,fine-tuned_models,0.0009011901565827429,0.482421875,0.941565990447998,0.9054726368159204,0.9074074074074074
AE512_256x128_cnf_week,pruning-decoder,70,fine-tuned_models,0.0006849817000329494,1.06640625,1.0359876155853271,0.8963795255930087,0.8988144472015439
AE512_256x128_cnf_month,pruning-decoder,70,fine-tuned_models,0.0005741511704400182,1.06640625,1.2128162384033203,0.8983688833124216,0.901157981803143
AE512_64x32_cnf_week,ga1week-decoder,90,base_models,0.0018013535300269723,0.26904296875,0.5852491855621338,0.9015479876160991,0.903225806451613
AE512_128x64_cnf_week,ga1week-decoder,90,base_models,0.0010214854264631867,0.56591796875,0.52036452293396,0.8994378513429107,0.9018472566859664
AE512_64x32_cnf_month,ga1week-decoder,90,base_models,0.0015592416748404503,0.26904296875,0.6161601543426514,0.9061925199264255,0.9070627699659958
AE512_128x64_cnf_month,ga1week-decoder,90,base_models,0.0008670719107612967,0.56591796875,0.6064836978912354,0.902676399026764,0.9029500964984837
AE512_256x128_cnf_week,ga1week-decoder,90,base_models,0.0006467662751674652,1.25439453125,0.6234736442565918,0.8939108600125549,0.8968844775296388
AE512_256x128_cnf_month,ga1week-decoder,90,base_models,0.0005835759802721441,1.25439453125,0.7641336917877197,0.8970679975046787,0.8994347945960849
AE512_64x32_cnf_week,ga1week-decoder,90,pruned_models,0.004111597780138254,0.2548828125,0.5375404357910156,0.8628181253879578,0.8654305670434703
AE512_128x64_cnf_week,ga1week-decoder,90,pruned_models,0.0019448293605819345,0.53759765625,0.5687079429626465,0.8765743073047859,0.8803878320007353
AE512_64x32_cnf_month,ga1week-decoder,90,pruned_models,0.016157830134034157,0.2548828125,0.6528670787811279,0.6582278481012658,0.5
AE512_128x64_cnf_month,ga1week-decoder,90,pruned_models,0.0016621995018795133,0.53759765625,0.5464155673980713,0.8771929824561403,0.8804797353184449
AE512_256x128_cnf_week,ga1week-decoder,90,pruned_models,0.0013163004769012332,1.1884765625,0.6557357311248779,0.8833437305053026,0.8860398860398861
AE512_256x128_cnf_month,ga1week-decoder,90,pruned_models,0.0011292353738099337,1.18359375,0.6685690879821777,0.8827838827838828,0.8833976656557302
AE512_64x32_cnf_week,ga1week-decoder,90,fine-tuned_models,0.0018147531663998961,0.2548828125,0.5777323246002197,0.9006785934608267,0.9020770149802407
AE512_128x64_cnf_week,ga1week-decoder,90,fine-tuned_models,0.0010082053486257792,0.53759765625,0.5742406845092773,0.9004383218534753,0.9030190239867658
AE512_64x32_cnf_month,ga1week-decoder,90,fine-tuned_models,0.0015605567023158073,0.2548828125,0.624305248260498,0.9068627450980392,0.9076831173605366
AE512_128x64_cnf_month,ga1week-decoder,90,fine-tuned_models,0.0008561303257010877,0.53759765625,0.6378688812255859,0.9040928527794746,0.9046962595349692
AE512_256x128_cnf_week,ga1week-decoder,90,fine-tuned_models,0.0006596968160010874,1.1884765625,0.6571512222290039,0.8951563458001226,0.8961032993291058
AE512_256x128_cnf_month,ga1week-decoder,90,fine-tuned_models,0.0005807997658848763,1.18359375,0.7891745567321777,0.8959899749373433,0.8987455197132618
AE512_256x128_cnf_month,ga1week-first,70,base_models,0.0005938071990385652,1.25439453125,1.119666576385498,0.8963376784605835,0.8983089789541403
AE512_256x128_cnf_week,ga1week-first,70,base_models,0.0006435004761442542,1.25439453125,0.7423150539398193,0.8946047678795483,0.8975048249241798
AE512_128x64_cnf_month,ga1week-first,70,base_models,0.0008707557572051883,0.56591796875,0.7207019329071045,0.9017693715680293,0.9022837974450878
AE512_128x64_cnf_week,ga1week-first,70,base_models,0.0010276664979755878,0.56591796875,0.8964223861694336,0.9,0.9024446282510799
AE512_64x32_cnf_month,ga1week-first,70,base_models,0.0015245802933350205,0.26904296875,0.7202150821685791,0.9056372549019608,0.9064653984008822
AE512_64x32_cnf_week,ga1week-first,70,base_models,0.002003191038966179,0.26904296875,0.8737349510192871,0.9036668738346799,0.9055923168826395
AE512_256x128_cnf_month,ga1week-first,70,pruned_models,0.03282703459262848,1.0615234375,0.6838443279266357,0.6582278481012658,0.5
AE512_256x128_cnf_week,ga1week-first,70,pruned_models,0.016755104064941406,1.04931640625,0.7199606895446777,0.6582278481012658,0.5
AE512_128x64_cnf_month,ga1week-first,70,pruned_models,0.016375383362174034,0.48046875,0.7217836380004883,0.6582278481012658,0.5
AE512_128x64_cnf_week,ga1week-first,70,pruned_models,0.017657069489359856,0.47802734375,0.7545268535614014,0.6582278481012658,0.5
AE512_64x32_cnf_month,ga1week-first,70,pruned_models,0.0511312298476696,0.2275390625,0.7078533172607422,0.6582278481012658,0.5
AE512_64x32_cnf_week,ga1week-first,70,pruned_models,0.02153828740119934,0.2275390625,1.057020664215088,0.6582278481012658,0.5
AE512_256x128_cnf_month,ga1week-first,70,fine-tuned_models,0.0006713782204315066,1.0615234375,1.064192533493042,0.9001248439450686,0.9024676040805074
AE512_256x128_cnf_week,ga1week-first,70,fine-tuned_models,0.0007122933166101575,1.04931640625,0.6729581356048584,0.900562851782364,0.9030419998161934
AE512_128x64_cnf_month,ga1week-first,70,fine-tuned_models,0.0009436615509912372,0.48046875,0.7899956703186035,0.9029896278218426,0.9035015164047422
AE512_128x64_cnf_week,ga1week-first,70,fine-tuned_models,0.0011153614614158869,0.47802734375,0.9343307018280029,0.9015873015873016,0.905201727782373
AE512_64x32_cnf_month,ga1week-first,70,fine-tuned_models,0.001673671416938305,0.2275390625,0.6538035869598389,0.9049716803020768,0.9077979965076739
AE512_64x32_cnf_week,ga1week-first,70,fine-tuned_models,0.002139090560376644,0.2275390625,1.0609560012817383,0.9049382716049382,0.9063275434243175
AE512_256x128_cnf_month,ga1week-bottleneck,90,base_models,0.0005706837982870638,1.25439453125,0.7771415710449219,0.8961352657004831,0.8957816377171217
AE512_256x128_cnf_week,ga1week-bottleneck,90,base_models,0.0006333083147183061,1.25439453125,0.653449535369873,0.899002493765586,0.9012728609502805
AE512_128x64_cnf_month,ga1week-bottleneck,90,base_models,0.0008651583921164274,0.56591796875,0.6249279975891113,0.9036585365853659,0.904121863799283
AE512_128x64_cnf_week,ga1week-bottleneck,90,base_models,0.0010090084979310632,0.56591796875,0.56451416015625,0.8986232790988736,0.9012039334619979
AE512_64x32_cnf_month,ga1week-bottleneck,90,base_models,0.0015977096045389771,0.26904296875,0.5965421199798584,0.9085328422344997,0.9094752320558771
AE512_64x32_cnf_week,ga1week-bottleneck,90,base_models,0.0018283501267433167,0.26904296875,0.5978481769561768,0.9068776628119294,0.9072006249425604
AE512_256x128_cnf_month,ga1week-bottleneck,90,pruned_models,0.0011977655813097954,1.22900390625,0.85101318359375,0.8961201501877347,0.898768495542689
AE512_256x128_cnf_week,ga1week-bottleneck,90,pruned_models,0.0012809032341465354,1.22900390625,1.0291492938995361,0.8973384030418251,0.9009741751677236
AE512_128x64_cnf_month,ga1week-bottleneck,90,pruned_models,0.0017925421707332134,0.55908203125,0.6492757797241211,0.885286783042394,0.8878779523940814
AE512_128x64_cnf_week,ga1week-bottleneck,90,pruned_models,0.002089386573061347,0.55908203125,0.5901305675506592,0.8782874617737003,0.8791011855527984
AE512_64x32_cnf_month,ga1week-bottleneck,90,pruned_models,0.004930898547172546,0.26708984375,0.6331562995910645,0.8859315589353612,0.8900147045308335
AE512_64x32_cnf_week,ga1week-bottleneck,90,pruned_models,0.005782655440270901,0.26708984375,0.6326725482940674,0.8481012658227848,0.8535061115706276
AE512_256x128_cnf_month,ga1week-bottleneck,90,fine-tuned_models,0.0006120294565334916,1.22900390625,0.8113329410552979,0.9051833122629582,0.9083264405845051
AE512_256x128_cnf_week,ga1week-bottleneck,90,fine-tuned_models,0.0006904887268319726,1.22900390625,1.2869410514831543,0.9016493585827734,0.9022608216156602
AE512_128x64_cnf_month,ga1week-bottleneck,90,fine-tuned_models,0.000930743059143424,0.55908203125,0.635869026184082,0.9024238657551275,0.9043745979229851
AE512_128x64_cnf_week,ga1week-bottleneck,90,fine-tuned_models,0.0010830839164555073,0.55908203125,0.5861115455627441,0.8973570989551322,0.8984927855895598
AE512_64x32_cnf_month,ga1week-bottleneck,90,fine-tuned_models,0.0019819571170955896,0.26708984375,0.5953817367553711,0.9045592705167174,0.904788162852679
AE512_64x32_cnf_week,ga1week-bottleneck,90,fine-tuned_models,0.002065874170511961,0.26708984375,0.5833315849304199,0.8985863552550707,0.8997105045492141
AE512_256x128_cnf_month,ga1week-bottleneck,70,base_models,0.0005607178318314254,1.25439453125,0.5859813690185547,0.895910780669145,0.8977345832184542
AE512_256x128_cnf_week,ga1week-bottleneck,70,base_models,0.0006606863462366164,1.25439453125,0.5779199600219727,0.8945362134688691,0.8984927855895598
AE512_128x64_cnf_month,ga1week-bottleneck,70,base_models,0.0008917814120650291,0.56591796875,0.5958361625671387,0.9035846724351051,0.9050868486352356
AE512_128x64_cnf_week,ga1week-bottleneck,70,base_models,0.001010520732961595,0.56591796875,0.5998830795288086,0.9023779724655819,0.9048570903409614
AE512_64x32_cnf_month,ga1week-bottleneck,70,base_models,0.0015225250972434878,0.26904296875,0.5997040271759033,0.9081885856079405,0.9098887969855711
AE512_64x32_cnf_week,ga1week-bottleneck,70,base_models,0.001744937035255134,0.26904296875,0.6337230205535889,0.9007352941176471,0.9015945225622646
AE512_256x128_cnf_month,ga1week-bottleneck,70,pruned_models,0.0028478670865297318,1.17822265625,0.6251645088195801,0.8897196261682243,0.8921514566675858
AE512_256x128_cnf_week,ga1week-bottleneck,70,pruned_models,0.00341745070181787,1.17822265625,0.6076056957244873,0.8763339610797238,0.8798364120944766
AE512_128x64_cnf_month,ga1week-bottleneck,70,pruned_models,0.0036410714965313673,0.54638671875,0.5912365913391113,0.8753086419753087,0.8771022883926111
AE512_128x64_cnf_week,ga1week-bottleneck,70,pruned_models,0.0054421452805399895,0.54638671875,0.6354563236236572,0.8528864059590316,0.8556888153662346
AE512_64x32_cnf_month,ga1week-bottleneck,70,pruned_models,0.008224686607718468,0.26416015625,0.631328821182251,0.7557117750439367,0.7471969488098521
AE512_64x32_cnf_week,ga1week-bottleneck,70,pruned_models,0.008164209313690662,0.26416015625,0.6377885341644287,0.8537647790914747,0.8568605826670342
AE512_256x128_cnf_month,ga1week-bottleneck,70,fine-tuned_models,0.0007368017686530948,1.17822265625,0.5967590808868408,0.9047619047619048,0.907269552430843
AE512_256x128_cnf_week,ga1week-bottleneck,70,fine-tuned_models,0.0008746630628593266,1.17822265625,0.5891199111938477,0.904380012338063,0.9057301718592041
AE512_128x64_cnf_month,ga1week-bottleneck,70,fine-tuned_models,0.0012557030422613025,0.54638671875,0.578233003616333,0.9056603773584906,0.9084183439022149
AE512_128x64_cnf_week,ga1week-bottleneck,70,fine-tuned_models,0.0013072226429358125,0.54638671875,0.5929725170135498,0.9014778325123153,0.902720338204209
AE512_64x32_cnf_month,ga1week-bottleneck,70,fine-tuned_models,0.0026205359026789665,0.26416015625,0.5675981044769287,0.900549115314216,0.9010660784854332
AE512_64x32_cnf_week,ga1week-bottleneck,70,fine-tuned_models,0.002611895091831684,0.26416015625,0.5797514915466309,0.892572130141191,0.8936448855803695
AE512_64x32_cnf_week,pruning-decoder,90,base_models,0.0017411416629329324,0.26904296875,1.338472604751587,0.9029003783102144,0.9059369543240511
AE512_128x64_cnf_week,pruning-decoder,90,base_models,0.0009996294975280762,0.56591796875,1.1792855262756348,0.897908979089791,0.8990901571546732
AE512_64x32_cnf_month,pruning-decoder,90,base_models,0.001574352034367621,0.26904296875,1.2544140815734863,0.9064837905236908,0.9085791747082069
AE512_128x64_cnf_month,pruning-decoder,90,base_models,0.0008659359882585704,0.56591796875,1.2059988975524902,0.9022277227722773,0.903846153846154
AE512_256x128_cnf_week,pruning-decoder,90,base_models,0.0006673801690340042,1.25439453125,1.1668684482574463,0.8941469489414695,0.8964249609410899
AE512_256x128_cnf_month,pruning-decoder,90,base_models,0.0005594597314484417,1.25439453125,1.282588005065918,0.896421845574388,0.8993199154489477
AE512_64x32_cnf_week,pruning-decoder,90,pruned_models,0.02947165071964264,0.2568359375,1.0979487895965576,0.6582278481012658,0.5
AE512_128x64_cnf_week,pruning-decoder,90,pruned_models,0.07442077994346619,0.53759765625,1.060070276260376,0.6582278481012658,0.5
AE512_64x32_cnf_month,pruning-decoder,90,pruned_models,0.007816691882908344,0.2568359375,1.2899398803710938,0.8657465495608532,0.8694972888521275
AE512_128x64_cnf_month,pruning-decoder,90,pruned_models,0.01440533995628357,0.53759765625,0.8584468364715576,0.6582278481012658,0.5
AE512_256x128_cnf_week,pruning-decoder,90,pruned_models,0.1625501960515976,1.19091796875,1.1222341060638428,0.6582278481012658,0.5
AE512_256x128_cnf_month,pruning-decoder,90,pruned_models,0.0006592468125745654,1.19091796875,0.8674554824829102,0.902871105681124,0.9034785405753147
AE512_64x32_cnf_week,pruning-decoder,90,fine-tuned_models,0.0017870452720671892,0.2568359375,1.5793631076812744,0.9026993094789705,0.9054085102472199
AE512_128x64_cnf_week,pruning-decoder,90,fine-tuned_models,0.0009966247016564012,0.53759765625,1.0143582820892334,0.9035409035409036,0.9040988879698557
AE512_64x32_cnf_month,pruning-decoder,90,fine-tuned_models,0.001569931278936565,0.2568359375,1.3356561660766602,0.9055900621118013,0.9074303832368349
AE512_128x64_cnf_month,pruning-decoder,90,fine-tuned_models,0.0008642074535600841,0.53759765625,1.0983667373657227,0.9025,0.9048800661703889
AE512_256x128_cnf_week,pruning-decoder,90,fine-tuned_models,0.0006626180256716907,1.19091796875,0.8256039619445801,0.8930581613508443,0.8957356860582667
AE512_256x128_cnf_month,pruning-decoder,90,fine-tuned_models,0.000550814438611269,1.19091796875,1.495295524597168,0.8966789667896679,0.8978724381950189
AE512_64x32_cnf_week,ga1week-decoder,70,base_models,0.0017442320240661502,0.26904296875,0.6138629913330078,0.8999378495960224,0.9019391600036761
AE512_128x64_cnf_week,ga1week-decoder,70,base_models,0.001011558691971004,0.56591796875,0.7019894123077393,0.8986948415164698,0.9007214410440217
AE512_64x32_cnf_month,ga1week-decoder,70,base_models,0.001630164566449821,0.26904296875,0.6307857036590576,0.9063444108761329,0.9061207609594707
AE512_128x64_cnf_month,ga1week-decoder,70,base_models,0.0008492867345921695,0.56591796875,0.6042027473449707,0.9029896278218426,0.9035015164047422
AE512_256x128_cnf_week,ga1week-decoder,70,base_models,0.0006610199343413115,1.25439453125,0.6303472518920898,0.8974683544303798,0.900997150997151
AE512_256x128_cnf_month,ga1week-decoder,70,base_models,0.0005939182010479271,1.25439453125,0.5868699550628662,0.8993788819875776,0.9013417884385627
AE512_64x32_cnf_week,ga1week-decoder,70,pruned_models,0.026655729860067368,0.2275390625,0.5903940200805664,0.6582278481012658,0.5
AE512_128x64_cnf_week,ga1week-decoder,70,pruned_models,0.007338495459407568,0.48046875,0.8870105743408203,0.7700797057020233,0.7718959654443526
AE512_64x32_cnf_month,ga1week-decoder,70,pruned_models,0.02737662009894848,0.2275390625,0.58640456199646,0.6582278481012658,0.5
AE512_128x64_cnf_month,ga1week-decoder,70,pruned_models,0.008252671919763088,0.48046875,0.6181302070617676,0.8005098789037604,0.8089330024813897
AE512_256x128_cnf_week,ga1week-decoder,70,pruned_models,0.0043272413313388824,1.06640625,0.6243250370025635,0.7438118811881188,0.7479781270103851
AE512_256x128_cnf_month,ga1week-decoder,70,pruned_models,0.00267374562099576,1.05908203125,0.6184444427490234,0.857487922705314,0.8568146310081795
AE512_64x32_cnf_week,ga1week-decoder,70,fine-tuned_models,0.0018252091249451041,0.2275390625,0.599365234375,0.9006870705808869,0.9030649756456208
AE512_128x64_cnf_week,ga1week-decoder,70,fine-tuned_models,0.001036615576595068,0.48046875,0.7968268394470215,0.9021601016518425,0.9057990993474865
AE512_64x32_cnf_month,ga1week-decoder,70,fine-tuned_models,0.0017625484615564346,0.2275390625,0.6324594020843506,0.9064475347661188,0.9095441595441596
AE512_128x64_cnf_month,ga1week-decoder,70,fine-tuned_models,0.0008600782020948827,0.48046875,0.5889794826507568,0.9032663316582915,0.9060058818123333
AE512_256x128_cnf_week,ga1week-decoder,70,fine-tuned_models,0.000667076266836375,1.06640625,0.6205213069915771,0.8979074191502854,0.9015715467328371
AE512_256x128_cnf_month,ga1week-decoder,70,fine-tuned_models,0.000592087977565825,1.05908203125,0.6158857345581055,0.9002493765586035,0.9024905799099348
AE512_256x128_cnf_month,ga1week-first,80,base_models,0.0005773257580585778,1.25439453125,1.0303678512573242,0.8968499073502162,0.89840088227185
AE512_256x128_cnf_week,ga1week-first,80,base_models,0.0006618013139814138,1.25439453125,1.0595457553863525,0.8961278426551936,0.8972750666299054
AE512_128x64_cnf_month,ga1week-first,80,base_models,0.0008796335314400494,0.56591796875,0.9750576019287109,0.9040050858232677,0.9076141898722543
AE512_128x64_cnf_week,ga1week-first,80,base_models,0.001039728056639433,0.56591796875,0.6496782302856445,0.9012875536480687,0.902191894127378
AE512_64x32_cnf_month,ga1week-first,80,base_models,0.0015106635401025414,0.26904296875,0.6231696605682373,0.9075108628181254,0.9092684495910301
AE512_64x32_cnf_week,ga1week-first,80,base_models,0.0018956151325255632,0.26904296875,0.7367630004882812,0.9029896278218426,0.9035015164047422
AE512_256x128_cnf_month,ga1week-first,80,pruned_models,0.014577607624232769,1.1103515625,1.0299177169799805,0.6582278481012658,0.5
AE512_256x128_cnf_week,ga1week-first,80,pruned_models,0.010609624907374382,1.0859375,1.0539305210113525,0.7330604820372897,0.6493428912783752
AE512_128x64_cnf_month,ga1week-first,80,pruned_models,0.019666725769639015,0.50244140625,0.9298529624938965,0.6582278481012658,0.5
AE512_128x64_cnf_week,ga1week-first,80,pruned_models,0.012993006967008114,0.5,0.6745777130126953,0.6644682605111294,0.5137395459976105
AE512_64x32_cnf_month,ga1week-first,80,pruned_models,0.02401944063603878,0.2421875,0.6211361885070801,0.6582278481012658,0.5
AE512_64x32_cnf_week,ga1week-first,80,pruned_models,0.01550137996673584,0.2421875,0.6809384822845459,0.6582278481012658,0.5
AE512_256x128_cnf_month,ga1week-first,80,fine-tuned_models,0.0006241684895940125,1.1103515625,1.1212882995605469,0.8958594730238394,0.8987225438838342
AE512_256x128_cnf_week,ga1week-first,80,fine-tuned_models,0.0007073934539221227,1.0859375,0.8294637203216553,0.8974831184775937,0.8985157614189871
AE512_128x64_cnf_month,ga1week-first,80,fine-tuned_models,0.0009653065353631973,0.50244140625,0.8080241680145264,0.9017632241813602,0.9047422111938241
AE512_128x64_cnf_week,ga1week-first,80,fine-tuned_models,0.0010707147885113955,0.5,0.7502837181091309,0.9002463054187192,0.9015026192445548
AE512_64x32_cnf_month,ga1week-first,80,fine-tuned_models,0.0015545710921287537,0.2421875,0.7299482822418213,0.9088639200998752,0.9109916367980885
AE512_64x32_cnf_week,ga1week-first,80,fine-tuned_models,0.001965007046237588,0.2421875,0.5940284729003906,0.9040247678018576,0.9056612443709218
AE512_256x128_cnf_month,pruning-first,90,base_models,0.000583353394176811,1.25439453125,0.7065351009368896,0.8984962406015038,0.9011809576325706
AE512_256x128_cnf_week,pruning-first,90,base_models,0.0006572532001882792,1.25439453125,0.6818389892578125,0.8948350964530181,0.8970453083356309
AE512_128x64_cnf_month,pruning-first,90,base_models,0.0008641671156510711,0.56591796875,0.684276819229126,0.9023650697392359,0.902398676592225
AE512_128x64_cnf_week,pruning-first,90,base_models,0.0010365910129621625,0.56591796875,0.7157931327819824,0.900990099009901,0.9026284348864995
AE512_64x32_cnf_month,pruning-first,90,base_models,0.0015147133963182569,0.26904296875,0.6552653312683105,0.9063856168629882,0.9080737064608032
AE512_64x32_cnf_week,pruning-first,90,base_models,0.0018426015740260482,0.26904296875,0.7223587036132812,0.901863354037267,0.9037772263578715
AE512_256x128_cnf_month,pruning-first,90,pruned_models,0.14806288480758667,1.19091796875,0.6651434898376465,0.6582278481012658,0.5
AE512_256x128_cnf_week,pruning-first,90,pruned_models,0.09475235641002655,1.19091796875,0.6315872669219971,0.6582278481012658,0.5
AE512_128x64_cnf_month,pruning-first,90,pruned_models,0.043754562735557556,0.53759765625,0.7210242748260498,0.6582278481012658,0.5
AE512_128x64_cnf_week,pruning-first,90,pruned_models,0.10378797352313995,0.53759765625,0.6683940887451172,0.6582278481012658,0.5
AE512_64x32_cnf_month,pruning-first,90,pruned_models,0.017736468464136124,0.2568359375,0.6011919975280762,0.6582278481012658,0.5
AE512_64x32_cnf_week,pruning-first,90,pruned_models,0.03516634553670883,0.2568359375,0.645042896270752,0.6582278481012658,0.5
AE512_256x128_cnf_month,pruning-first,90,fine-tuned_models,0.0005983576993457973,1.19091796875,0.6439881324768066,0.8985687616677038,0.9006984652145943
AE512_256x128_cnf_week,pruning-first,90,fine-tuned_models,0.0006861145957373083,1.19091796875,0.6785244941711426,0.8954659949622166,0.8986536163955519
AE512_128x64_cnf_month,pruning-first,90,fine-tuned_models,0.0008630062220618129,0.53759765625,0.6904325485229492,0.9031476997578692,0.9030419998161934
AE512_128x64_cnf_week,pruning-first,90,fine-tuned_models,0.0010291439248248935,0.53759765625,0.6769778728485107,0.8995633187772926,0.9018702325153938
AE512_64x32_cnf_month,pruning-first,90,fine-tuned_models,0.0015172482235357165,0.2568359375,0.7269184589385986,0.9057071960297767,0.9074533590662623
AE512_64x32_cnf_week,pruning-first,90,fine-tuned_models,0.0019179731607437134,0.2568359375,0.6192607879638672,0.902665840049597,0.9044205495818399
AE512_256x128_cnf_month,pruning-first,80,base_models,0.0005815724725835025,1.25439453125,0.7171611785888672,0.8991282689912827,0.9012958367797078
AE512_256x128_cnf_week,pruning-first,80,base_models,0.0006428250926546752,1.25439453125,0.61824631690979,0.8968105065666041,0.89938884293723
AE512_128x64_cnf_month,pruning-first,80,base_models,0.0008515887893736362,0.56591796875,0.6587386131286621,0.9026993094789705,0.9054085102472199
AE512_128x64_cnf_week,pruning-first,80,base_models,0.0010143851395696402,0.56591796875,0.6809320449829102,0.8996282527881041,0.9013877400974175
AE512_64x32_cnf_month,pruning-first,80,base_models,0.001552287139929831,0.26904296875,0.8283658027648926,0.9044665012406948,0.906235640106608
AE512_64x32_cnf_week,pruning-first,80,base_models,0.001768001588061452,0.26904296875,1.0054583549499512,0.9014598540145985,0.9017323775388292
AE512_256x128_cnf_month,pruning-first,80,pruned_models,0.08835934102535248,1.1298828125,0.6539018154144287,0.6582278481012658,0.5
AE512_256x128_cnf_week,pruning-first,80,pruned_models,0.17118684947490692,1.1298828125,0.721416711807251,0.6582278481012658,0.5
AE512_128x64_cnf_month,pruning-first,80,pruned_models,0.09447262436151505,0.5087890625,0.6567847728729248,0.6582278481012658,0.5
AE512_128x64_cnf_week,pruning-first,80,pruned_models,0.17461292445659637,0.5087890625,0.6450352668762207,0.6582278481012658,0.5
AE512_64x32_cnf_month,pruning-first,80,pruned_models,0.029939774423837662,0.2421875,0.806729793548584,0.6582278481012658,0.5
AE512_64x32_cnf_week,pruning-first,80,pruned_models,0.12000113725662231,0.2421875,0.7763729095458984,0.6582278481012658,0.5
AE512_256x128_cnf_month,pruning-first,80,fine-tuned_models,0.0006253562751226127,1.1298828125,0.6284153461456299,0.900497512437811,0.9025365315687897
AE512_256x128_cnf_week,pruning-first,80,fine-tuned_models,0.0006674025789834559,1.1298828125,0.7007691860198975,0.8919085855466338,0.8935300064332323
AE512_128x64_cnf_month,pruning-first,80,fine-tuned_models,0.0009088994120247662,0.5087890625,0.5852725505828857,0.9016697588126159,0.9032487822810404
AE512_128x64_cnf_week,pruning-first,80,fine-tuned_models,0.0010266229510307312,0.5087890625,0.6572294235229492,0.9037864680322781,0.905615292712067
AE512_64x32_cnf_month,pruning-first,80,fine-tuned_models,0.0016201213002204895,0.2421875,0.8208456039428711,0.9049098819142325,0.9068100358422939
AE512_64x32_cnf_week,pruning-first,80,fine-tuned_models,0.0019267251482233405,0.2421875,0.9161016941070557,0.8998778998778999,0.9004457310908923
AE512_256x128_cnf_month,pruning-first,70,base_models,0.00058227643603459,1.25439453125,0.9857168197631836,0.8973717146433041,0.8999862145023435
AE512_256x128_cnf_week,pruning-first,70,base_models,0.0006480178562924266,1.25439453125,0.8977975845336914,0.8948655256723717,0.8955518794228472
AE512_128x64_cnf_month,pruning-first,70,base_models,0.0008668556693010032,0.56591796875,0.8614614009857178,0.9040752351097179,0.9066492050363019
AE512_128x64_cnf_week,pruning-first,70,base_models,0.0010162692051380873,0.56591796875,0.98746657371521,0.9021806853582555,0.9043286462641302
AE512_64x32_cnf_month,pruning-first,70,base_models,0.0015396022936329246,0.26904296875,1.0911927223205566,0.906152889993785,0.9080277548019484
AE512_64x32_cnf_week,pruning-first,70,base_models,0.001799173653125763,0.26904296875,1.333765983581543,0.902665840049597,0.9044205495818399
AE512_256x128_cnf_month,pruning-first,70,pruned_models,0.15983766317367554,1.06640625,0.8982634544372559,0.6582278481012658,0.5
AE512_256x128_cnf_week,pruning-first,70,pruned_models,0.18278628587722778,1.06640625,0.889319896697998,0.6582278481012658,0.5
AE512_128x64_cnf_month,pruning-first,70,pruned_models,0.08985470980405807,0.482421875,0.8044624328613281,0.6582278481012658,0.5
AE512_128x64_cnf_week,pruning-first,70,pruned_models,0.18388713896274567,0.482421875,0.9852845668792725,0.6582278481012658,0.5
AE512_64x32_cnf_month,pruning-first,70,pruned_models,0.0493851974606514,0.22998046875,0.9941132068634033,0.6582278481012658,0.5
AE512_64x32_cnf_week,pruning-first,70,pruned_models,0.23541295528411865,0.22998046875,0.7779104709625244,0.6582278481012658,0.5
AE512_256x128_cnf_month,pruning-first,70,fine-tuned_models,0.000752007239498198,1.06640625,0.8628683090209961,0.8986784140969163,0.9017094017094017
AE512_256x128_cnf_week,pruning-first,70,fine-tuned_models,0.0006937595317140222,1.06640625,0.7369017601013184,0.8955223880597015,0.8976656557301719
AE512_128x64_cnf_month,pruning-first,70,fine-tuned_models,0.001008909777738154,0.482421875,0.6137173175811768,0.9050350541746335,0.908785957173054
AE512_128x64_cnf_week,pruning-first,70,fine-tuned_models,0.001176841789856553,0.482421875,0.7708497047424316,0.8985687616677038,0.9006984652145943
AE512_64x32_cnf_month,pruning-first,70,fine-tuned_models,0.0016255334485322237,0.22998046875,1.0073070526123047,0.9049382716049382,0.9063275434243175
AE512_64x32_cnf_week,pruning-first,70,fine-tuned_models,0.00197661854326725,0.22998046875,0.9506194591522217,0.905613818630475,0.9069478908188586
AE512_256x128_cnf_month,pruning-bottleneck,90,base_models,0.0005774261080659926,1.25439453125,0.941516637802124,0.8978593272171254,0.8985846889072695
AE512_256x128_cnf_week,pruning-bottleneck,90,base_models,0.0006433114758692682,1.25439453125,1.0992302894592285,0.8941765810895429,0.8969304291884937
AE512_128x64_cnf_month,pruning-bottleneck,90,base_models,0.0009051672532223165,0.56591796875,0.6803927421569824,0.9018366054464851,0.9052476794412277
AE512_128x64_cnf_week,pruning-bottleneck,90,base_models,0.0010099527426064014,0.56591796875,1.3138515949249268,0.8986402966625463,0.900215972796618
AE512_64x32_cnf_month,pruning-bottleneck,90,base_models,0.0015780115500092506,0.26904296875,0.7119786739349365,0.9055659787367104,0.9079128756548112
AE512_64x32_cnf_week,pruning-bottleneck,90,base_models,0.0018742030952125788,0.26904296875,0.9135072231292725,0.9016189290161893,0.9037312746990167
AE512_256x128_cnf_month,pruning-bottleneck,90,pruned_models,0.018381329253315926,1.22900390625,0.9365513324737549,0.6582278481012658,0.5
AE512_256x128_cnf_week,pruning-bottleneck,90,pruned_models,0.13633033633232117,1.22900390625,1.0829205513000488,0.6582278481012658,0.5
AE512_128x64_cnf_month,pruning-bottleneck,90,pruned_models,0.0018382837297394872,0.56005859375,0.8898179531097412,0.898876404494382,0.9012498851208528
AE512_128x64_cnf_week,pruning-bottleneck,90,pruned_models,0.09028105437755585,0.56005859375,1.052889347076416,0.6582278481012658,0.5
AE512_64x32_cnf_month,pruning-bottleneck,90,pruned_models,0.003013438545167446,0.26806640625,1.2382638454437256,0.8652392947103275,0.8694283613638452
AE512_64x32_cnf_week,pruning-bottleneck,90,pruned_models,0.17377901077270508,0.26806640625,1.074686050415039,0.6582278481012658,0.5
AE512_256x128_cnf_month,pruning-bottleneck,90,fine-tuned_models,0.0006608545663766563,1.22900390625,0.929060697555542,0.9016906700062617,0.9042367429464204
AE512_256x128_cnf_week,pruning-bottleneck,90,fine-tuned_models,0.00067138671875,1.22900390625,0.6204733848571777,0.8987804878048781,0.8992509879606654
AE512_128x64_cnf_month,pruning-bottleneck,90,fine-tuned_models,0.0009837078396230936,0.56005859375,1.1331427097320557,0.9020100502512562,0.904788162852679
AE512_128x64_cnf_week,pruning-bottleneck,90,fine-tuned_models,0.0010492493165656924,0.56005859375,0.616025447845459,0.9006289308176101,0.9035474680635971
AE512_64x32_cnf_month,pruning-bottleneck,90,fine-tuned_models,0.0017433430766686797,0.26806640625,1.1147804260253906,0.906288532675709,0.9075682382133996
AE512_64x32_cnf_week,pruning-bottleneck,90,fine-tuned_models,0.002005399204790592,0.26806640625,0.9638755321502686,0.9020846493998737,0.9052936311000827
AE512_256x128_cnf_month,pruning-bottleneck,80,base_models,0.0006080322782509029,1.25439453125,1.231811761856079,0.8971141781681304,0.8999402628434887
AE512_256x128_cnf_week,pruning-bottleneck,80,base_models,0.000632023555226624,1.25439453125,1.1805260181427002,0.8972431077694235,0.899963238672916
AE512_128x64_cnf_month,pruning-bottleneck,80,base_models,0.0008932403288781643,0.56591796875,1.0381066799163818,0.9038828771483132,0.9075912140428269
AE512_128x64_cnf_week,pruning-bottleneck,80,base_models,0.0009816896636039019,0.56591796875,0.930046796798706,0.9036295369211514,0.9060748093006158
AE512_64x32_cnf_month,pruning-bottleneck,80,base_models,0.0015860243001952767,0.26904296875,0.643000602722168,0.9060773480662984,0.9070397941365682
AE512_64x32_cnf_week,pruning-bottleneck,80,base_models,0.0018224773230031133,0.26904296875,0.6530168056488037,0.9022556390977443,0.9048341145115337
AE512_256x128_cnf_month,pruning-bottleneck,80,pruned_models,0.025316663086414337,1.20361328125,1.285780906677246,0.6582278481012658,0.5
AE512_256x128_cnf_week,pruning-bottleneck,80,pruned_models,0.2620401084423065,1.20361328125,1.2603678703308105,0.6582278481012658,0.5
AE512_128x64_cnf_month,pruning-bottleneck,80,pruned_models,0.004900333471596241,0.55322265625,1.070971965789795,0.8916562889165629,0.893989523021781
AE512_128x64_cnf_week,pruning-bottleneck,80,pruned_models,0.2872946262359619,0.55322265625,0.9255778789520264,0.6582278481012658,0.5
AE512_64x32_cnf_month,pruning-bottleneck,80,pruned_models,0.0092853382229805,0.26611328125,0.663184642791748,0.8199273482096523,0.7923444536347763
AE512_64x32_cnf_week,pruning-bottleneck,80,pruned_models,0.13451124727725983,0.26611328125,0.8203439712524414,0.6582278481012658,0.5
AE512_256x128_cnf_month,pruning-bottleneck,80,fine-tuned_models,0.0007399928290396929,1.20361328125,1.1188783645629883,0.9025769956002514,0.9053855344177925
AE512_256x128_cnf_week,pruning-bottleneck,80,fine-tuned_models,0.0007602113182656467,1.20361328125,1.079483985900879,0.9026993094789705,0.9054085102472199
AE512_128x64_cnf_month,pruning-bottleneck,80,fine-tuned_models,0.0010595424100756645,0.55322265625,1.0630345344543457,0.8991859737006888,0.9018013050271114
AE512_128x64_cnf_week,pruning-bottleneck,80,fine-tuned_models,0.0012168999528512359,0.55322265625,0.9306066036224365,0.8989460632362059,0.9007673927028765
AE512_64x32_cnf_month,pruning-bottleneck,80,fine-tuned_models,0.002168642822653055,0.26611328125,0.7230091094970703,0.9017412935323383,0.903754250528444
AE512_64x32_cnf_week,pruning-bottleneck,80,fine-tuned_models,0.002152220346033573,0.26611328125,0.7217135429382324,0.9009230769230769,0.9021229666390956
AE512_64x32_cnf_week,pruning-decoder,80,base_models,0.001722877030260861,0.26904296875,1.1105592250823975,0.903387703889586,0.9060288576417609
AE512_128x64_cnf_week,pruning-decoder,80,base_models,0.0010180132230743766,0.56591796875,1.4979820251464844,0.899938612645795,0.9009511993382961
AE512_64x32_cnf_month,pruning-decoder,80,base_models,0.0016181045211851597,0.26904296875,1.1288652420043945,0.9072039072039072,0.9077520448488191
AE512_128x64_cnf_month,pruning-decoder,80,base_models,0.0008827099809423089,0.56591796875,1.2438209056854248,0.9026217228464419,0.9049030419998163
AE512_256x128_cnf_week,pruning-decoder,80,base_models,0.0006603763904422522,1.25439453125,1.1824922561645508,0.8960302457466919,0.8992509879606654
AE512_256x128_cnf_month,pruning-decoder,80,base_models,0.0005895310314372182,1.25439453125,1.042407512664795,0.8972772277227723,0.8989752780075361
AE512_64x32_cnf_week,pruning-decoder,80,pruned_models,0.049090057611465454,0.2421875,1.4065945148468018,0.6582278481012658,0.5
AE512_128x64_cnf_week,pruning-decoder,80,pruned_models,0.12673768401145935,0.5087890625,1.116720199584961,0.6582278481012658,0.5
AE512_64x32_cnf_month,pruning-decoder,80,pruned_models,0.05576177313923836,0.2421875,1.546483039855957,0.6582278481012658,0.5
AE512_128x64_cnf_month,pruning-decoder,80,pruned_models,0.06362549960613251,0.5087890625,0.8685061931610107,0.6582278481012658,0.5
AE512_256x128_cnf_week,pruning-decoder,80,pruned_models,0.20466646552085876,1.1298828125,1.0387868881225586,0.6582278481012658,0.5
AE512_256x128_cnf_month,pruning-decoder,80,pruned_models,0.0012372616911306977,1.1298828125,1.402419090270996,0.8704663212435233,0.8774469258340225
AE512_64x32_cnf_week,pruning-decoder,80,fine-tuned_models,0.0018037338741123676,0.2421875,1.1283776760101318,0.9043478260869565,0.9062126642771805
AE512_128x64_cnf_week,pruning-decoder,80,fine-tuned_models,0.0010249996557831764,0.5087890625,1.2588691711425781,0.9038340666247643,0.9066032533774468
AE512_64x32_cnf_month,pruning-decoder,80,fine-tuned_models,0.0016261341515928507,0.2421875,1.004532814025879,0.9078706528370958,0.9083723922433601
AE512_128x64_cnf_month,pruning-decoder,80,fine-tuned_models,0.0008841501548886299,0.5087890625,1.07395601272583,0.9034267912772586,0.9055463652237845
AE512_256x128_cnf_week,pruning-decoder,80,fine-tuned_models,0.0006756577058695257,1.1298828125,1.2052104473114014,0.8968058968058968,0.8978954140244464
AE512_256x128_cnf_month,pruning-decoder,80,fine-tuned_models,0.0005777337937615812,1.1298828125,1.2482025623321533,0.8969771745835904,0.8984238581012775
AE512_64x32_cnf_week,ga1week-decoder,80,base_models,0.0018508080393075943,0.26904296875,0.6050479412078857,0.9013563501849569,0.9026973623747817
AE512_128x64_cnf_week,ga1week-decoder,80,base_models,0.0010123682441189885,0.56591796875,0.7783651351928711,0.9008109794135996,0.9030879514750484
AE512_64x32_cnf_month,ga1week-decoder,80,base_models,0.001484774285927415,0.26904296875,0.6065306663513184,0.9053549190535491,0.90738443157798
AE512_128x64_cnf_month,ga1week-decoder,80,base_models,0.0008542568539269269,0.56591796875,0.7536089420318604,0.9035033804548248,0.904581380387832
AE512_256x128_cnf_week,ga1week-decoder,80,base_models,0.0006530521204695106,1.25439453125,0.6488163471221924,0.897160883280757,0.9004457310908924
AE512_256x128_cnf_month,ga1week-decoder,80,base_models,0.0005661192699335515,1.25439453125,0.9357621669769287,0.896421845574388,0.8993199154489477
AE512_64x32_cnf_week,ga1week-decoder,80,pruned_models,0.012011179700493813,0.2421875,0.6732006072998047,0.6731534719150818,0.5575085010568881
AE512_128x64_cnf_week,ga1week-decoder,80,pruned_models,0.003520615166053176,0.5087890625,0.6951644420623779,0.8363636363636363,0.8360444812057715
AE512_64x32_cnf_month,ga1week-decoder,80,pruned_models,0.018483661115169525,0.2421875,0.6801340579986572,0.6582278481012658,0.5
AE512_128x64_cnf_month,ga1week-decoder,80,pruned_models,0.0030165857169777155,0.5087890625,0.71653151512146,0.8684863523573201,0.870921790276629
AE512_256x128_cnf_week,ga1week-decoder,80,pruned_models,0.0020957891829311848,1.125,0.6453235149383545,0.8574908647990256,0.8578715191618419
AE512_256x128_cnf_month,ga1week-decoder,80,pruned_models,0.006402533035725355,1.12255859375,0.751295804977417,0.8569651741293532,0.8599163679808841
AE512_64x32_cnf_week,ga1week-decoder,80,fine-tuned_models,0.0018687427509576082,0.2421875,0.626641035079956,0.9039408866995073,0.905155776123518
AE512_128x64_cnf_week,ga1week-decoder,80,fine-tuned_models,0.0010254224762320518,0.5087890625,0.6969752311706543,0.904143475572047,0.9056842202003491
AE512_64x32_cnf_month,ga1week-decoder,80,fine-tuned_models,0.0014969869516789913,0.2421875,0.6655128002166748,0.9060360920970753,0.908004778972521
AE512_128x64_cnf_month,ga1week-decoder,80,fine-tuned_models,0.0008486137958243489,0.5087890625,0.6874947547912598,0.9039408866995073,0.905155776123518
AE512_256x128_cnf_week,ga1week-decoder,80,fine-tuned_models,0.0006684604450128973,1.125,0.6799581050872803,0.8994447871684146,0.9008592960205863
AE512_256x128_cnf_month,ga1week-decoder,80,fine-tuned_models,0.0005638524307869375,1.12255859375,1.0911881923675537,0.8972431077694235,0.899963238672916
AE512_256x128_cnf_month,ga1week-first,90,base_models,0.0005793399177491665,1.25439453125,0.7943637371063232,0.8968058968058968,0.8978954140244464
AE512_256x128_cnf_week,ga1week-first,90,base_models,0.0006566571537405252,1.25439453125,0.9135162830352783,0.8964662120272784,0.8983319547835675
AE512_128x64_cnf_month,ga1week-first,90,base_models,0.0008589068311266601,0.56591796875,0.8043537139892578,0.902871105681124,0.9034785405753147
AE512_128x64_cnf_week,ga1week-first,90,base_models,0.0010139432270079851,0.56591796875,0.7426345348358154,0.9003134796238245,0.9029960481573385
AE512_64x32_cnf_month,ga1week-first,90,base_models,0.0014755408046767116,0.26904296875,0.7124605178833008,0.9066002490660025,0.9086021505376344
AE512_64x32_cnf_week,ga1week-first,90,base_models,0.0018005621386691928,0.26904296875,0.7655646800994873,0.9019362898188632,0.9042826946052753
AE512_256x128_cnf_month,ga1week-first,90,pruned_models,0.0038100893143564463,1.18115234375,0.7379498481750488,0.8303571428571429,0.8375379101185553
AE512_256x128_cnf_week,ga1week-first,90,pruned_models,0.006104575004428625,1.18359375,0.8199262619018555,0.8447129909365559,0.844017094017094
AE512_128x64_cnf_month,ga1week-first,90,pruned_models,0.0026413840241730213,0.53759765625,0.7441112995147705,0.8835745752045312,0.8870967741935484
AE512_128x64_cnf_week,ga1week-first,90,pruned_models,0.009980661794543266,0.53759765625,0.7170922756195068,0.6726649528706083,0.5431256318353093
AE512_64x32_cnf_month,ga1week-first,90,pruned_models,0.031117677688598633,0.2548828125,0.7105875015258789,0.6582278481012658,0.5
AE512_64x32_cnf_week,ga1week-first,90,pruned_models,0.010119087994098663,0.2548828125,0.701690673828125,0.777422790202343,0.7485525227460711
AE512_256x128_cnf_month,ga1week-first,90,fine-tuned_models,0.0005817631026729941,1.18115234375,0.7540457248687744,0.8984088127294981,0.8991820604723831
AE512_256x128_cnf_week,ga1week-first,90,fine-tuned_models,0.0006617927574552596,1.18359375,0.8195145130157471,0.8959220937309799,0.8962411543056704
AE512_128x64_cnf_month,ga1week-first,90,fine-tuned_models,0.0008673233678564429,0.53759765625,0.6545009613037109,0.9053803339517625,0.9069019391600036
AE512_128x64_cnf_week,ga1week-first,90,fine-tuned_models,0.0009997525485232472,0.53759765625,0.8156251907348633,0.9045539613225203,0.9067411083540116
AE512_64x32_cnf_month,ga1week-first,90,fine-tuned_models,0.0015524483751505613,0.2548828125,0.745941162109375,0.9065015479876161,0.9080966822902307
AE512_64x32_cnf_week,ga1week-first,90,fine-tuned_models,0.0018741170642897487,0.2548828125,0.657416820526123,0.903822441430333,0.9051328002940906
AE512_256x128_cnf_month,ga1week-bottleneck,80,base_models,0.0005940080736763775,1.25439453125,0.670590877532959,0.8994307400379506,0.9028352173513464
AE512_256x128_cnf_week,ga1week-bottleneck,80,base_models,0.0006352028576657176,1.25439453125,0.9075729846954346,0.8956743002544529,0.8996875287197869
AE512_128x64_cnf_month,ga1week-bottleneck,80,base_models,0.0008828390273265541,0.56591796875,0.9032566547393799,0.9027190332326284,0.9024676040805073
AE512_128x64_cnf_week,ga1week-bottleneck,80,base_models,0.000990782049484551,0.56591796875,0.5887939929962158,0.9014259144451333,0.9032028306221855
AE512_64x32_cnf_month,ga1week-bottleneck,80,base_models,0.0015486512565985322,0.26904296875,0.8978173732757568,0.9043698543381887,0.9076831173605369
AE512_64x32_cnf_week,ga1week-bottleneck,80,base_models,0.0018999460153281689,0.26904296875,0.7310073375701904,0.9014962593516209,0.9037082988695893
AE512_256x128_cnf_month,ga1week-bottleneck,80,pruned_models,0.0017213652608916163,1.20361328125,0.8575024604797363,0.9017912291537986,0.9032717581104678
AE512_256x128_cnf_week,ga1week-bottleneck,80,pruned_models,0.002432213630527258,1.20361328125,0.68009352684021,0.8929471032745592,0.8962181784762431
AE512_128x64_cnf_month,ga1week-bottleneck,80,pruned_models,0.0025943599175661802,0.55322265625,0.8881330490112305,0.89875,0.9012269092914253
AE512_128x64_cnf_week,ga1week-bottleneck,80,pruned_models,0.0033911122009158134,0.55322265625,0.8566243648529053,0.8811013767209012,0.8841558680268358
AE512_64x32_cnf_month,ga1week-bottleneck,80,pruned_models,0.005608872044831514,0.26611328125,0.8908224105834961,0.8959220937309799,0.8962411543056704
AE512_64x32_cnf_week,ga1week-bottleneck,80,pruned_models,0.007959944196045399,0.26611328125,0.8062899112701416,0.8220289855072463,0.8143782740556935
AE512_256x128_cnf_month,ga1week-bottleneck,80,fine-tuned_models,0.0006856410764157772,1.20361328125,0.6688997745513916,0.9021806853582555,0.9043286462641302
AE512_256x128_cnf_week,ga1week-bottleneck,80,fine-tuned_models,0.0007531214505434036,1.20361328125,0.870734691619873,0.9037974683544304,0.9070857457954232
AE512_128x64_cnf_month,ga1week-bottleneck,80,fine-tuned_models,0.001076909713447094,0.55322265625,0.6709027290344238,0.8996884735202493,0.9018932083448213
AE512_128x64_cnf_week,ga1week-bottleneck,80,fine-tuned_models,0.0012223412049934268,0.55322265625,0.8743195533752441,0.8961278426551936,0.8972750666299054
AE512_64x32_cnf_month,ga1week-bottleneck,80,fine-tuned_models,0.002332155592739582,0.26611328125,0.8943839073181152,0.9034267912772586,0.9055463652237845
AE512_64x32_cnf_week,ga1week-bottleneck,80,fine-tuned_models,0.0022942321375012398,0.26611328125,0.7300834655761719,0.8978593272171254,0.8985846889072695
